logA,n_s,theta_s_1e2,omega_b,omega_cdm,z_reio,A_planck
3.0490567922216694,0.9673596166480604,1.041593095106752,0.02257299296835526,0.12112328792253564,7.916432376536018,0.9979132040936374
