logA,n_s,theta_s_1e2,omega_b,omega_cdm,z_reio,A_planck
3.047291081231547,0.9634437413307664,1.0418869541878177,0.02236754087918495,0.11990023343851598,7.869987342107113,1.0001386013964173
