logA,n_s,theta_s_1e2,omega_b,omega_cdm,tau_reio,w_0,w_1,w_2,w_3,w_4,A_planck,gdm_alpha,run
3.05140989634326,0.9689321376437336,1.0411615070012004,0.022369515906449734,0.12225482392618711,0.050355023816065395,0.5381220098358284,-0.31899692071975205,0.8780762279752494,-0.35411067094135995,0.6535676857465729,1.001615761066914,0.02,0
3.0516332891753915,0.9640294260461574,1.0413168817848442,0.022457323462588587,0.11875977213803218,0.06909229672957647,-0.8681279012334253,-0.5304838052601542,0.1916035528470621,-0.473782183939389,0.11413686455274519,0.9989485657765875,0.02,1
3.049060693888315,0.9501292455227193,1.0417359819476222,0.022460380957372628,0.11975905736993162,0.049291754387333665,0.5016549027374273,-0.28994810961429884,0.2456905298544958,0.2941437829214071,0.09397247294244404,1.0030709271260174,0.02,2
3.049030253963312,0.963117364866788,1.0415912363976778,0.022375057871497798,0.11967182049682909,0.060578140607572106,-0.3929767939674558,0.7818813962976652,0.5781044314650898,0.17725403893355107,-0.3553070679168089,1.0026860883526887,0.02,3
3.0498821466979154,0.962940575277097,1.0420308828884866,0.022493243927103265,0.1204399217165904,0.0547867247078247,-0.460904626938097,0.9147347007098665,-0.26154713372036764,0.49549818144283964,-0.4493633228356606,1.0014266546893211,0.02,4
