logA,n_s,theta_s_1e2,omega_b,omega_cdm,z_reio,A_planck
3.0485024674809287,0.9657927914095068,1.0419059132626045,0.022390651231983354,0.11938739184956328,7.945657657622221,1.000701786291508
